GameId,TotalMatchesA,TotalWinsA,TotalLossesA,TotalPointsA,TotalScoreForA,TotalScoreAgainstA,TotalMatchesB,TotalWinsB,TotalLossesB,TotalPointsB,TotalScoreForB,TotalScoreAgainstB,Winner
100016145,29,21,8,63,24,10,26,6,19,18,7,19,A
100016146,29,12,17,36,14,20,28,16,12,48,18,12,A
100016147,29,13,16,39,14,19,26,12,14,36,12,14,B
100016148,28,13,15,39,13,17,29,17,11,51,19,14,B
100016149,28,13,15,39,15,17,28,16,12,48,18,12,B
100016150,28,13,15,39,13,17,28,16,12,48,18,12,B
100016151,29,13,16,39,14,19,29,17,11,51,19,14,B
100016152,28,16,12,48,18,12,26,12,14,36,12,14,A
100016153,26,6,19,18,7,19,29,12,17,36,14,20,B
100016154,29,21,8,63,24,10,28,13,15,39,15,17,A
100016155,28,13,15,39,13,17,26,12,14,36,12,14,A
100016156,26,6,19,18,7,19,28,16,12,48,18,12,A
100016157,29,21,8,63,24,10,29,13,16,39,14,19,A
100016158,28,13,15,39,15,17,29,12,17,36,14,20,A
100016159,29,17,11,51,19,14,28,16,12,48,18,12,B
100016160,29,13,16,39,14,19,28,16,12,48,18,12,B
100016161,28,13,15,39,15,17,28,16,12,48,18,12,B
100016162,29,12,17,36,14,20,26,12,14,36,12,14,B
100016163,29,21,8,63,24,10,28,13,15,39,13,17,B
100016164,26,6,19,18,7,19,29,17,11,51,19,14,B
100016165,29,13,16,39,14,19,28,16,12,48,18,12,B
100016166,28,13,15,39,13,17,28,16,12,48,18,12,A
100016167,29,21,8,63,24,10,26,12,14,36,12,14,A
100016169,28,13,15,39,15,17,26,6,19,18,7,19,A
100016168,29,12,17,36,14,20,29,17,11,51,19,14,B
100016170,26,6,19,18,7,19,29,13,16,39,14,19,B
100016171,28,16,12,48,18,12,29,17,11,51,19,14,A
100016172,29,12,17,36,14,20,28,13,15,39,13,17,B
100016173,29,21,8,63,24,10,28,16,12,48,18,12,B
100016174,28,13,15,39,15,17,26,12,14,36,12,14,B
100016175,28,13,15,39,13,17,29,13,16,39,14,19,B
100016176,26,12,14,36,12,14,26,6,19,18,7,19,A
100016177,28,16,12,48,18,12,29,21,8,63,24,10,B
100016179,28,13,15,39,15,17,29,17,11,51,19,14,B
100016178,28,16,12,48,18,12,29,12,17,36,14,20,B
100016187,28,13,15,39,13,17,26,6,19,18,7,19,A
100016189,28,16,12,48,18,12,28,16,12,48,18,12,A
100016185,29,17,11,51,19,14,26,12,14,36,12,14,A
100016186,28,13,15,39,15,17,29,13,16,39,14,19,B
100016188,29,12,17,36,14,20,29,21,8,63,24,10,B
100016180,26,12,14,36,12,14,28,16,12,48,18,12,B
100016181,29,13,16,39,14,19,29,12,17,36,14,20,B
100016182,28,13,15,39,15,17,28,13,15,39,13,17,B
100016184,29,17,11,51,19,14,29,21,8,63,24,10,A
100016183,28,16,12,48,18,12,26,6,19,18,7,19,A
100016563,28,16,12,48,18,12,26,12,14,36,12,14,A
100016564,28,13,15,39,13,17,29,12,17,36,14,20,B
100016565,29,17,11,51,19,14,29,13,16,39,14,19,A
100016566,29,21,8,63,24,10,28,16,12,48,18,12,A
100016567,28,16,12,48,18,12,29,12,17,36,14,20,B
100016568,29,17,11,51,19,14,29,21,8,63,24,10,B
100016569,26,12,14,36,12,14,28,13,15,39,13,17,B
100016570,29,13,16,39,14,19,28,16,12,48,18,12,A
100016571,28,16,12,48,18,12,28,13,15,39,13,17,B
100016572,29,17,11,51,19,14,29,13,16,39,14,19,A
100016559,29,12,17,36,14,20,29,21,8,63,24,10,B
100016560,28,13,15,39,13,17,29,17,11,51,19,14,B
100016561,29,12,17,36,14,20,29,17,11,51,19,14,B
100016562,29,21,8,63,24,10,29,17,11,51,19,14,A
100016190,25,16,9,48,0,0,25,17,8,51,0,0,A
100016191,24,6,18,18,0,0,25,7,18,21,0,0,A
100016192,25,14,11,42,0,0,25,14,11,42,0,0,A
100016193,24,16,8,48,0,0,25,12,13,36,0,0,A
100016194,25,9,16,27,0,0,25,13,12,39,0,0,A
100016195,25,14,11,42,0,0,24,16,8,48,0,0,B
100016196,25,13,12,39,0,0,25,12,13,36,0,0,B
100016197,25,17,8,51,0,0,25,9,16,27,0,0,A
100016198,25,7,18,21,0,0,25,16,9,48,0,0,B
100016199,25,14,11,42,0,0,24,6,18,18,0,0,B
100016200,25,16,9,48,0,0,25,14,11,42,0,0,B
100016201,25,12,13,36,0,0,25,7,18,21,0,0,B
100016202,25,13,12,39,0,0,24,6,18,18,0,0,A
100016203,25,17,8,51,0,0,24,16,8,48,0,0,B
100016204,25,9,16,27,0,0,25,14,11,42,0,0,B
100016205,24,6,18,18,0,0,25,12,13,36,0,0,B
100016206,25,14,11,42,0,0,25,17,8,51,0,0,A
100016207,24,16,8,48,0,0,25,9,16,27,0,0,A
100016208,25,16,9,48,0,0,25,13,12,39,0,0,B
100016209,25,14,11,42,0,0,25,7,18,21,0,0,B
100016210,25,17,8,51,0,0,25,14,11,42,0,0,A
100016211,25,9,16,27,0,0,24,6,18,18,0,0,B
100016212,25,7,18,21,0,0,25,13,12,39,0,0,A
100016213,25,12,13,36,0,0,25,14,11,42,0,0,B
100016214,24,16,8,48,0,0,25,16,9,48,0,0,A
100016215,25,13,12,39,0,0,25,14,11,42,0,0,B
100016216,25,12,13,36,0,0,25,17,8,51,0,0,A
100016217,24,6,18,18,0,0,25,14,11,42,0,0,B
100016218,25,9,16,27,0,0,25,16,9,48,0,0,B
100016219,25,7,18,21,0,0,24,16,8,48,0,0,A
100016220,24,16,8,48,0,0,24,6,18,18,0,0,A
100016221,25,14,11,42,0,0,25,9,16,27,0,0,A
100016222,25,17,8,51,0,0,25,13,12,39,0,0,A
100016223,25,14,11,42,0,0,25,7,18,21,0,0,A
100016224,25,16,9,48,0,0,25,12,13,36,0,0,A
100016225,25,9,16,27,0,0,25,7,18,21,0,0,B
100016226,25,14,11,42,0,0,25,16,9,48,0,0,A
100016227,25,13,12,39,0,0,24,16,8,48,0,0,A
100016228,25,14,11,42,0,0,25,12,13,36,0,0,A
100016229,24,6,18,18,0,0,25,17,8,51,0,0,A
100016230,25,13,12,39,0,0,25,14,11,42,0,0,B
100016231,24,16,8,48,0,0,25,14,11,42,0,0,B
100016232,25,7,18,21,0,0,25,17,8,51,0,0,B
100016233,25,12,13,36,0,0,25,9,16,27,0,0,B
100016234,24,6,18,18,0,0,25,16,9,48,0,0,B
100016235,25,12,13,36,0,0,24,16,8,48,0,0,A
100016236,25,14,11,42,0,0,25,14,11,42,0,0,A
100016237,25,13,12,39,0,0,25,9,16,27,0,0,A
100016238,25,17,8,51,0,0,25,16,9,48,0,0,A
100016239,25,7,18,21,0,0,24,6,18,18,0,0,B
100016240,25,9,16,27,0,0,25,17,8,51,0,0,B
100016241,25,16,9,48,0,0,25,7,18,21,0,0,A
100016242,24,16,8,48,0,0,25,14,11,42,0,0,B
100016243,24,6,18,18,0,0,25,14,11,42,0,0,B
100016244,25,12,13,36,0,0,25,13,12,39,0,0,B
100016245,25,14,11,42,0,0,25,16,9,48,0,0,A
100016246,24,6,18,18,0,0,25,13,12,39,0,0,B
100016247,24,16,8,48,0,0,25,17,8,51,0,0,A
100016248,25,14,11,42,0,0,25,9,16,27,0,0,B
100016249,25,7,18,21,0,0,25,12,13,36,0,0,B
100016250,25,12,13,36,0,0,24,6,18,18,0,0,A
100016251,25,9,16,27,0,0,24,16,8,48,0,0,B
100016252,25,13,12,39,0,0,25,16,9,48,0,0,B
100016253,25,7,18,21,0,0,25,14,11,42,0,0,B
100016254,25,17,8,51,0,0,25,14,11,42,0,0,A
100016255,25,13,12,39,0,0,25,7,18,21,0,0,B
100016256,25,16,9,48,0,0,24,16,8,48,0,0,A
100016257,25,14,11,42,0,0,25,12,13,36,0,0,A
100016258,24,6,18,18,0,0,25,9,16,27,0,0,B
100016259,25,14,11,42,0,0,25,17,8,51,0,0,B
100016260,25,16,9,48,0,0,25,9,16,27,0,0,A
100016261,25,14,11,42,0,0,25,13,12,39,0,0,B
100016262,24,16,8,48,0,0,25,7,18,21,0,0,A
100016263,25,14,11,42,0,0,24,6,18,18,0,0,A
100016264,25,17,8,51,0,0,25,12,13,36,0,0,A
100016265,25,7,18,21,0,0,25,14,11,42,0,0,B
100016266,25,13,12,39,0,0,25,17,8,51,0,0,B
100016267,24,6,18,18,0,0,24,16,8,48,0,0,B
100016268,25,12,13,36,0,0,25,16,9,48,0,0,B
100016269,25,9,16,27,0,0,25,14,11,42,0,0,B
100016270,25,16,9,48,0,0,25,14,11,42,0,0,A
100016271,25,17,8,51,0,0,24,6,18,18,0,0,A
100016272,25,12,13,36,0,0,25,14,11,42,0,0,A
100016273,25,7,18,21,0,0,25,9,16,27,0,0,A
100016274,24,16,8,48,0,0,25,13,12,39,0,0,B
100016275,25,17,8,51,0,0,25,7,18,21,0,0,A
100016276,25,16,9,48,0,0,24,6,18,18,0,0,A
100016277,25,9,16,27,0,0,25,12,13,36,0,0,A
100016278,25,14,11,42,0,0,24,16,8,48,0,0,B
100016279,25,14,11,42,0,0,25,13,12,39,0,0,B
100016280,19,12,6,36,26,13,18,13,4,39,25,10,A
100016281,16,8,4,24,15,11,14,3,9,9,7,16,A
100016282,14,4,8,12,8,13,19,12,6,36,19,14,B
100016283,14,3,9,9,6,16,9,1,8,3,1,10,A
100016284,16,8,4,24,15,11,14,3,9,9,6,16,A
100016285,19,12,6,36,26,13,14,3,9,9,7,16,A
100016286,19,12,6,36,19,14,18,13,4,39,25,10,A
100016287,14,4,8,12,8,13,9,1,8,3,1,10,A
100016288,9,1,8,3,1,10,14,3,9,9,7,16,B
100016289,19,12,6,36,26,13,19,12,6,36,19,14,B
100016290,14,3,9,9,6,16,18,13,4,39,25,10,B
100016291,16,8,4,24,15,11,14,4,8,12,8,13,A
100016292,14,3,9,9,7,16,19,12,6,36,19,14,B
100016293,14,3,9,9,6,16,14,4,8,12,8,13,B
100016294,16,8,4,24,15,11,19,12,6,36,26,13,A
100016295,9,1,8,3,1,10,18,13,4,39,25,10,B
100016296,14,4,8,12,8,13,19,12,6,36,26,13,B
100016297,14,3,9,9,7,16,18,13,4,39,25,10,B
100016298,14,3,9,9,6,16,19,12,6,36,19,14,B
100016299,16,8,4,24,15,11,9,1,8,3,1,10,A
100016300,14,4,8,12,8,13,18,13,4,39,25,10,B
100016301,16,8,4,24,15,11,19,12,6,36,19,14,A
100016302,9,1,8,3,1,10,19,12,6,36,26,13,A
100016303,14,3,9,9,6,16,14,3,9,9,7,16,B
100016304,9,1,8,3,1,10,19,12,6,36,19,14,B
100016305,16,8,4,24,15,11,18,13,4,39,25,10,B
100016306,14,4,8,12,8,13,14,3,9,9,7,16,B
100016307,14,3,9,9,6,16,19,12,6,36,26,13,A
100016308,27,14,13,42,14,13,27,21,6,63,21,6,Draw
100016309,27,15,12,45,15,12,27,17,10,51,17,10,Draw
100016310,27,17,10,51,17,10,27,13,14,39,13,14,Draw
100016311,18,10,8,30,10,8,27,8,19,24,8,19,Draw
100016312,27,11,16,33,11,16,27,6,21,18,6,21,Draw
100016313,18,10,8,30,10,8,27,17,10,51,17,10,Draw
100016314,27,15,12,45,15,12,27,21,6,63,21,6,Draw
100016315,27,11,16,33,11,16,27,13,14,39,13,14,Draw
100016316,27,14,13,42,14,13,27,6,21,18,6,21,Draw
100016317,27,17,10,51,17,10,27,8,19,24,8,19,Draw
100016318,18,10,8,30,10,8,27,21,6,63,21,6,Draw
100016319,27,17,10,51,17,10,27,15,12,45,15,12,Draw
100016320,27,8,19,24,8,19,27,14,13,42,14,13,Draw
100016321,27,6,21,18,6,21,27,13,14,39,13,14,Draw
100016322,27,11,16,33,11,16,27,17,10,51,17,10,Draw
100016323,27,17,10,51,17,10,27,21,6,63,21,6,Draw
100016324,27,8,19,24,8,19,27,17,10,51,17,10,Draw
100016325,27,11,16,33,11,16,27,14,13,42,14,13,Draw
100016326,27,13,14,39,13,14,27,15,12,45,15,12,Draw
100016327,27,6,21,18,6,21,18,10,8,30,10,8,Draw
100016328,27,11,16,33,11,16,27,21,6,63,21,6,Draw
100016329,27,17,10,51,17,10,27,17,10,51,17,10,Draw
100016330,27,13,14,39,13,14,27,14,13,42,14,13,Draw
100016331,18,10,8,30,10,8,27,15,12,45,15,12,Draw
100016332,27,6,21,18,6,21,27,8,19,24,8,19,Draw
100016333,27,17,10,51,17,10,27,14,13,42,14,13,Draw
100016334,27,11,16,33,11,16,18,10,8,30,10,8,Draw
100016335,27,17,10,51,17,10,27,21,6,63,21,6,Draw
100016336,27,8,19,24,8,19,27,13,14,39,13,14,Draw
100016337,27,6,21,18,6,21,27,15,12,45,15,12,Draw
100016338,27,17,10,51,17,10,27,14,13,42,14,13,Draw
100016339,27,6,21,18,6,21,27,17,10,51,17,10,Draw
100016340,18,10,8,30,10,8,27,13,14,39,13,14,Draw
100016341,27,8,19,24,8,19,27,21,6,63,21,6,Draw
100016342,27,11,16,33,11,16,27,15,12,45,15,12,Draw
100016343,27,13,14,39,13,14,27,17,10,51,17,10,Draw
100016344,27,6,21,18,6,21,27,21,6,63,21,6,Draw
100016345,18,10,8,30,10,8,27,14,13,42,14,13,Draw
100016346,27,11,16,33,11,16,27,17,10,51,17,10,Draw
100016347,27,8,19,24,8,19,27,15,12,45,15,12,Draw
100016348,18,10,8,30,10,8,27,17,10,51,17,10,Draw
100016349,27,6,21,18,6,21,27,17,10,51,17,10,Draw
100016350,27,13,14,39,13,14,27,21,6,63,21,6,Draw
100016351,27,11,16,33,11,16,27,8,19,24,8,19,Draw
100016352,27,15,12,45,15,12,27,14,13,42,14,13,Draw
100016353,27,17,10,51,17,10,27,14,13,42,14,13,Draw
100016354,27,6,21,18,6,21,27,13,14,39,13,14,Draw
100016355,27,15,12,45,15,12,27,21,6,63,21,6,Draw
100016356,27,11,16,33,11,16,18,10,8,30,10,8,Draw
100016357,27,8,19,24,8,19,27,17,10,51,17,10,Draw
100016358,27,11,16,33,11,16,27,21,6,63,21,6,Draw
100016362,27,6,21,18,6,21,18,10,8,30,10,8,Draw
100016361,27,15,12,45,15,12,27,17,10,51,17,10,Draw
100016360,27,13,14,39,13,14,27,14,13,42,14,13,Draw
100016359,27,8,19,24,8,19,27,17,10,51,17,10,Draw
100016363,18,10,8,30,10,8,27,17,10,51,17,10,Draw
100016364,27,11,16,33,11,16,27,17,10,51,17,10,Draw
100016365,27,14,13,42,14,13,27,21,6,63,21,6,Draw
100016366,27,13,14,39,13,14,27,15,12,45,15,12,Draw
100016367,27,6,21,18,6,21,27,8,19,24,8,19,Draw
100016368,18,10,8,30,10,8,27,14,13,42,14,13,Draw
100016369,27,8,19,24,8,19,27,21,6,63,21,6,Draw
100016370,27,17,10,51,17,10,27,17,10,51,17,10,Draw
100016371,27,11,16,33,11,16,27,13,14,39,13,14,Draw
100016372,27,6,21,18,6,21,27,15,12,45,15,12,Draw
100016373,27,17,10,51,17,10,27,13,14,39,13,14,Draw
100016376,27,11,16,33,11,16,27,6,21,18,6,21,Draw
100016375,27,17,10,51,17,10,27,21,6,63,21,6,Draw
100016374,27,15,12,45,15,12,27,14,13,42,14,13,Draw
100016377,18,10,8,30,10,8,27,8,19,24,8,19,Draw
100016378,27,13,14,39,13,14,27,21,6,63,21,6,Draw
100016379,27,6,21,18,6,21,27,17,10,51,17,10,Draw
100016380,18,10,8,30,10,8,27,17,10,51,17,10,Draw
100016381,27,8,19,24,8,19,27,14,13,42,14,13,Draw
100016382,27,11,16,33,11,16,27,15,12,45,15,12,Draw
100016383,27,17,10,51,17,10,27,21,6,63,21,6,Draw
100016387,18,10,8,30,10,8,27,15,12,45,15,12,Draw
100016385,27,11,16,33,11,16,27,14,13,42,14,13,Draw
100016386,27,6,21,18,6,21,27,17,10,51,17,10,Draw
100016384,27,8,19,24,8,19,27,13,14,39,13,14,Draw
100016388,27,17,10,51,17,10,27,14,13,42,14,13,Draw
100016392,27,11,16,33,11,16,27,8,19,24,8,19,Draw
100016390,18,10,8,30,10,8,27,13,14,39,13,14,Draw
100016391,27,6,21,18,6,21,27,21,6,63,21,6,Draw
100016389,27,17,10,51,17,10,27,15,12,45,15,12,Draw
100016393,18,10,8,30,10,8,27,21,6,63,21,6,Draw
100016394,27,11,16,33,11,16,27,17,10,51,17,10,Draw
100016395,27,13,14,39,13,14,27,17,10,51,17,10,Draw
100016396,27,8,19,24,8,19,27,15,12,45,15,12,Draw
100016397,27,6,21,18,6,21,27,14,13,42,14,13,Draw
100016398,21,19,2,57,19,2,21,13,8,39,13,8,A
100016399,21,9,12,27,9,12,21,10,11,30,10,11,A
100016400,21,10,11,30,10,11,21,12,9,36,12,9,A
100016401,21,7,14,21,7,14,14,2,12,6,2,12,A
100016402,21,13,8,39,13,8,21,9,12,27,9,12,A
100016403,21,12,9,36,12,9,21,19,2,57,19,2,B
100016404,21,10,11,30,10,11,14,2,12,6,2,12,A
100016405,21,10,11,30,10,11,21,7,14,21,7,14,A
100016406,21,19,2,57,19,2,21,9,12,27,9,12,B
100016407,21,10,11,30,10,11,21,10,11,30,10,11,A
100016408,14,2,12,6,2,12,21,13,8,39,13,8,B
100016409,21,12,9,36,12,9,21,7,14,21,7,14,B
100016410,21,9,12,27,9,12,14,2,12,6,2,12,B
100016411,21,13,8,39,13,8,21,10,11,30,10,11,A
100016412,21,12,9,36,12,9,21,10,11,30,10,11,A
100016413,21,7,14,21,7,14,21,19,2,57,19,2,B
100016414,21,7,14,21,7,14,21,10,11,30,10,11,B
100016415,14,2,12,6,2,12,21,19,2,57,19,2,B
100016416,21,9,12,27,9,12,21,10,11,30,10,11,B
100016417,21,13,8,39,13,8,21,12,9,36,12,9,A
100016418,21,9,12,27,9,12,21,12,9,36,12,9,A
100016419,21,19,2,57,19,2,21,10,11,30,10,11,A
100016420,21,7,14,21,7,14,21,13,8,39,13,8,B
100016421,14,2,12,6,2,12,21,10,11,30,10,11,B
100016422,14,2,12,6,2,12,21,12,9,36,12,9,B
100016423,21,19,2,57,19,2,21,10,11,30,10,11,A
100016424,21,9,12,27,9,12,21,7,14,21,7,14,A
100016425,21,10,11,30,10,11,21,13,8,39,13,8,A
100016426,14,2,12,6,2,12,21,7,14,21,7,14,B
100016427,21,12,9,36,12,9,21,10,11,30,10,11,B
100016428,21,9,12,27,9,12,21,10,11,30,10,11,A
100016429,21,19,2,57,19,2,21,13,8,39,13,8,B
100016430,14,2,12,6,2,12,21,10,11,30,10,11,B
100016431,21,19,2,57,19,2,21,12,9,36,12,9,A
100016432,21,7,14,21,7,14,21,10,11,30,10,11,A
100016433,21,9,12,27,9,12,21,13,8,39,13,8,B
100016434,21,10,11,30,10,11,21,10,11,30,10,11,A
100016435,21,7,14,21,7,14,21,12,9,36,12,9,B
100016436,21,13,8,39,13,8,14,2,12,6,2,12,B
100016437,21,9,12,27,9,12,21,19,2,57,19,2,B
100016438,21,13,8,39,13,8,21,10,11,30,10,11,A
100016439,21,9,12,27,9,12,14,2,12,6,2,12,A
100016440,21,19,2,57,19,2,21,7,14,21,7,14,A
100016441,21,10,11,30,10,11,21,12,9,36,12,9,B
100016442,21,13,8,39,13,8,21,12,9,36,12,9,B
100016443,21,7,14,21,7,14,21,10,11,30,10,11,B
100016444,14,2,12,6,2,12,21,19,2,57,19,2,B
100016445,21,9,12,27,9,12,21,10,11,30,10,11,A
100016446,21,19,2,57,19,2,21,10,11,30,10,11,A
100016447,21,7,14,21,7,14,21,13,8,39,13,8,B
100016448,14,2,12,6,2,12,21,10,11,30,10,11,B
100016449,21,9,12,27,9,12,21,12,9,36,12,9,B
100016450,21,9,12,27,9,12,21,7,14,21,7,14,A
100016451,14,2,12,6,2,12,21,12,9,36,12,9,B
100016452,21,10,11,30,10,11,21,13,8,39,13,8,B
100016453,21,19,2,57,19,2,21,10,11,30,10,11,A
100016454,17,16,1,48,33,10,18,16,2,48,33,9,Draw
100016455,17,4,12,12,13,27,18,7,11,21,18,25,Draw
100016456,18,0,18,0,4,36,17,4,12,12,15,27,Draw
100016457,17,13,4,39,29,12,18,9,9,27,22,21,Draw
100016458,18,0,18,0,4,36,17,13,4,39,29,12,Draw
100016459,18,16,2,48,33,9,17,4,12,12,13,27,Draw
100016460,17,16,1,48,33,10,17,4,12,12,15,27,Draw
100016461,18,9,9,27,22,21,18,7,11,21,18,25,Draw
100016462,17,13,4,39,29,12,17,4,12,12,13,27,Draw
100016463,18,0,18,0,4,36,18,16,2,48,33,9,Draw
100016464,18,9,9,27,22,21,17,4,12,12,15,27,Draw
100016465,17,16,1,48,33,10,18,7,11,21,18,25,Draw
100016466,18,0,18,0,4,36,17,4,12,12,13,27,Draw
100016467,17,13,4,39,29,12,18,16,2,48,33,9,Draw
100016468,17,16,1,48,33,10,18,9,9,27,22,21,Draw
100016469,18,7,11,21,18,25,17,4,12,12,15,27,Draw
100016470,18,9,9,27,22,21,17,4,12,12,13,27,Draw
100016471,18,0,18,0,4,36,17,16,1,48,33,10,Draw
100016472,17,13,4,39,29,12,17,4,12,12,15,27,Draw
100016473,18,16,2,48,33,9,18,7,11,21,18,25,Draw
100016474,17,16,1,48,33,10,17,4,12,12,13,27,Draw
100016475,18,0,18,0,4,36,18,9,9,27,22,21,Draw
100016476,17,13,4,39,29,12,18,7,11,21,18,25,Draw
100016477,18,16,2,48,33,9,17,4,12,12,15,27,Draw
100016478,18,0,18,0,4,36,18,7,11,21,18,25,Draw
100016479,17,16,1,48,33,10,17,13,4,39,29,12,Draw
100016480,18,9,9,27,22,21,18,16,2,48,33,9,Draw
100016481,17,4,12,12,13,27,17,4,12,12,15,27,Draw
100016482,17,16,1,48,33,10,18,9,9,27,22,21,Draw
100016483,18,0,18,0,4,36,17,4,12,12,13,27,Draw
100016484,18,7,11,21,18,25,17,4,12,12,15,27,Draw
100016485,17,13,4,39,29,12,18,16,2,48,33,9,Draw
100016486,17,16,1,48,33,10,17,4,12,12,15,27,Draw
100016487,18,9,9,27,22,21,18,7,11,21,18,25,Draw
100016488,18,0,18,0,4,36,17,13,4,39,29,12,Draw
100016489,18,16,2,48,33,9,17,4,12,12,13,27,Draw
100016490,17,16,1,48,33,10,18,7,11,21,18,25,Draw
100016491,18,0,18,0,4,36,18,16,2,48,33,9,Draw
100016492,18,9,9,27,22,21,17,4,12,12,15,27,Draw
100016493,17,13,4,39,29,12,17,4,12,12,13,27,Draw
100016494,17,16,1,48,33,10,18,16,2,48,33,9,Draw
100016495,17,13,4,39,29,12,18,9,9,27,22,21,Draw
100016496,17,4,12,12,13,27,18,7,11,21,18,25,Draw
100016497,18,0,18,0,4,36,17,4,12,12,15,27,Draw
100016498,18,9,9,27,22,21,17,4,12,12,13,27,Draw
100016499,17,13,4,39,29,12,17,4,12,12,15,27,Draw
100016500,18,16,2,48,33,9,18,7,11,21,18,25,Draw
100016501,18,0,18,0,4,36,17,16,1,48,33,10,Draw
100016502,18,9,9,27,22,21,18,16,2,48,33,9,Draw
100016503,17,16,1,48,33,10,17,13,4,39,29,12,Draw
100016504,18,0,18,0,4,36,18,7,11,21,18,25,Draw
100016505,17,4,12,12,13,27,17,4,12,12,15,27,Draw
100016506,17,13,4,39,29,12,18,7,11,21,18,25,Draw
100016507,18,0,18,0,4,36,18,9,9,27,22,21,Draw
100016508,18,16,2,48,33,9,17,4,12,12,15,27,Draw
100016509,17,16,1,48,33,10,17,4,12,12,13,27,Draw
100016652,26,6,19,18,7,19,28,13,15,39,15,17,A
100016653,28,16,12,48,18,12,28,13,15,39,13,17,B
100016654,29,17,11,51,19,14,28,16,12,48,18,12,B
100016655,29,13,16,39,14,19,29,12,17,36,14,20,A
100016656,26,12,14,36,12,14,29,21,8,63,24,10,B
100016657,29,17,11,51,19,14,28,16,12,48,18,12,A
100016658,26,6,19,18,7,19,28,16,12,48,18,12,B
100016659,28,13,15,39,15,17,28,13,15,39,13,17,B
100016660,29,21,8,63,24,10,29,13,16,39,14,19,B
100016661,26,12,14,36,12,14,29,12,17,36,14,20,B
100016663,28,13,15,39,13,17,29,13,16,39,14,19,A
100016662,28,16,12,48,18,12,26,12,14,36,12,14,A
100016664,29,12,17,36,14,20,29,17,11,51,19,14,B
100016665,29,21,8,63,24,10,26,6,19,18,7,19,A
100016666,28,16,12,48,18,12,28,13,15,39,15,17,A
100016674,29,17,11,51,19,14,29,13,16,39,14,19,A
100016672,26,12,14,36,12,14,26,6,19,18,7,19,A
100016673,28,13,15,39,15,17,28,16,12,48,18,12,B
100016675,28,16,12,48,18,12,28,13,15,39,13,17,A
100016676,29,12,17,36,14,20,29,21,8,63,24,10,A
100016668,29,13,16,39,14,19,28,16,12,48,18,12,B
100016667,29,17,11,51,19,14,26,6,19,18,7,19,B
100016670,28,13,15,39,15,17,26,12,14,36,12,14,A
100016669,28,13,15,39,13,17,29,12,17,36,14,20,B
100016671,28,16,12,48,18,12,29,21,8,63,24,10,B
100016677,28,13,15,39,13,17,26,6,19,18,7,19,A
100016679,29,17,11,51,19,14,26,12,14,36,12,14,B
100016678,28,16,12,48,18,12,29,13,16,39,14,19,B
100016680,28,16,12,48,18,12,29,21,8,63,24,10,B
100016681,28,13,15,39,15,17,29,12,17,36,14,20,A
100016693,26,12,14,36,12,14,29,13,16,39,14,19,B
100016694,29,12,17,36,14,20,26,6,19,18,7,19,A
100016692,28,16,12,48,18,12,28,16,12,48,18,12,B
100016695,28,13,15,39,15,17,29,17,11,51,19,14,A
100016696,28,13,15,39,13,17,29,21,8,63,24,10,B
100016689,29,13,16,39,14,19,26,6,19,18,7,19,A
100016687,28,13,15,39,13,17,29,17,11,51,19,14,B
100016688,28,16,12,48,18,12,29,12,17,36,14,20,A
100016690,28,16,12,48,18,12,26,12,14,36,12,14,A
100016691,28,13,15,39,15,17,29,21,8,63,24,10,A
100016682,28,16,12,48,18,12,26,6,19,18,7,19,A
100016684,28,13,15,39,15,17,29,13,16,39,14,19,B
100016683,28,13,15,39,13,17,26,12,14,36,12,14,B
100016686,29,17,11,51,19,14,29,21,8,63,24,10,B
100016685,28,16,12,48,18,12,29,12,17,36,14,20,A
100016697,17,13,4,39,29,12,17,4,12,12,15,27,A
100016698,18,9,9,27,22,21,18,7,11,21,18,25,Draw
100016699,17,16,1,48,33,10,18,9,9,27,22,21,A
100016700,18,16,2,48,33,9,17,13,4,39,29,12,A
100016701,17,16,1,48,33,10,18,16,2,48,33,9,Draw
100016702,19,12,6,36,19,14,9,1,8,3,1,10,A
100016703,18,13,4,39,25,10,14,3,9,9,6,16,A
100016704,16,8,4,24,15,11,14,4,8,12,8,13,A
100016705,19,12,6,36,26,13,14,3,9,9,7,16,A
100016706,9,1,8,3,1,10,14,4,8,12,8,13,B
100016707,14,3,9,9,6,16,14,3,9,9,7,16,A
100016708,19,12,6,36,19,14,16,8,4,24,15,11,B
100016709,18,13,4,39,25,10,19,12,6,36,26,13,B
100016710,19,12,6,36,19,14,14,4,8,12,8,13,A
100016711,18,13,4,39,25,10,14,3,9,9,6,16,A
100016712,16,8,4,24,15,11,19,12,6,36,19,14,B
100016713,19,12,6,36,26,13,18,13,4,39,25,10,B
100016714,19,12,6,36,19,14,19,12,6,36,26,13,B
100016715,18,13,4,39,25,10,16,8,4,24,15,11,A
100016716,19,12,6,36,19,14,16,8,4,24,15,11,A
100016717,19,12,6,36,26,13,18,13,4,39,25,10,Draw
100016718,19,12,6,36,26,13,19,12,6,36,19,14,A
100016754,18,13,4,39,25,10,19,12,6,36,26,13,B
100016719,27,17,10,51,17,10,27,21,6,63,21,6,B
100016720,27,17,10,51,17,10,27,14,13,42,14,13,B
100016721,18,10,8,30,10,8,27,14,13,42,14,13,B
100016722,21,9,12,27,9,12,21,10,11,30,10,11,B
100016723,21,10,11,30,10,11,21,12,9,36,12,9,A
100016724,21,19,2,57,19,2,21,13,8,39,13,8,B
100016725,21,10,11,30,10,11,21,10,11,30,10,11,B
100016726,21,19,2,57,19,2,21,10,11,30,10,11,A
100016727,21,13,8,39,13,8,21,19,2,57,19,2,Draw
100016728,26,20,6,60,43,18,26,12,14,36,30,36,A
100016729,26,16,10,48,36,23,26,14,12,42,34,30,B
100016730,25,22,3,66,46,13,26,20,6,60,43,18,A
100016731,26,21,5,63,46,16,26,14,12,42,34,30,A
100016753,26,20,6,60,43,18,26,14,12,42,34,30,A
100016732,25,22,3,66,46,13,26,21,5,63,46,16,A
100016733,26,21,5,63,46,16,26,20,6,60,43,18,A
100016735,25,22,3,66,46,13,26,21,5,63,46,16,B
100016736,25,14,11,42,0,0,25,13,12,39,0,0,Draw
100016737,25,17,8,51,0,0,24,16,8,48,0,0,Draw
100016738,25,16,9,48,0,0,25,14,11,42,0,0,Draw
100016739,24,16,8,48,0,0,25,13,12,39,0,0,B
100016740,25,17,8,51,0,0,25,16,9,48,0,0,B
100016741,25,17,8,51,0,0,25,14,11,42,0,0,A
100016742,25,14,11,42,0,0,25,13,12,39,0,0,A
100016743,25,16,9,48,0,0,25,17,8,51,0,0,Draw
100016744,27,17,10,51,17,10,27,14,13,42,14,13,A
100016745,27,21,6,63,21,6,18,10,8,30,10,8,A
100016746,27,14,13,42,14,13,27,15,12,45,15,12,B
100016747,18,10,8,30,10,8,27,17,10,51,17,10,B
100016748,27,17,10,51,17,10,27,21,6,63,21,6,Draw
100016749,27,15,12,45,15,12,27,17,10,51,17,10,Draw
100016750,27,17,10,51,17,10,27,15,12,45,15,12,B
100016751,27,21,6,63,21,6,27,15,12,45,15,12,A
100016752,29,17,11,51,19,14,26,12,14,36,12,14,A
100016755,27,11,16,33,27,38,27,14,13,42,33,30,B
100016756,27,17,10,51,38,27,25,14,11,42,34,27,A
100016757,28,20,8,60,45,25,27,14,13,42,33,30,A
100016758,25,17,8,51,38,28,27,17,10,51,38,27,A
100016759,26,17,9,51,41,23,28,20,8,60,45,25,B
100016760,27,19,8,57,41,23,25,17,8,51,38,28,B
100016761,27,23,4,69,48,13,28,20,8,60,45,25,Draw
100016762,27,19,8,57,42,25,25,17,8,51,38,28,Draw
100016763,28,20,8,60,45,25,25,17,8,51,38,28,Draw
100016764,27,23,4,69,48,13,27,19,8,57,42,25,A
100016765,27,19,8,57,42,25,28,20,8,60,45,25,B
100016767,28,16,12,48,18,12,29,17,11,51,19,14,Draw
100016766,29,13,16,39,14,19,28,13,15,39,15,17,Draw
100016768,28,16,12,48,18,12,28,13,15,39,13,17,Draw
100016769,29,21,8,63,24,10,29,12,17,36,14,20,Draw
100016770,29,13,16,39,14,19,28,16,12,48,18,12,Draw
100016771,28,16,12,48,18,12,29,12,17,36,14,20,Draw
100016772,28,13,15,39,15,17,29,17,11,51,19,14,Draw
100016773,28,13,15,39,13,17,29,21,8,63,24,10,Draw
100016774,29,13,16,39,14,19,29,17,11,51,19,14,Draw
100016775,29,12,17,36,14,20,29,21,8,63,24,10,Draw
100016776,28,16,12,48,18,12,28,16,12,48,18,12,B
100016777,29,17,11,51,19,14,29,21,8,63,24,10,A
100016778,28,16,12,48,18,12,29,17,11,51,19,14,B
100016779,28,16,12,48,18,12,29,17,11,51,19,14,B
100016793,0,0,0,0,0,0,0,0,0,0,0,0,A
100016805,0,0,0,0,0,0,0,0,0,0,0,0,B
100016787,1,0,0,0,1,0,0,0,0,0,0,0,A
100016799,0,0,0,0,0,0,0,0,0,0,0,0,A
100016788,1,0,0,0,0,1,0,0,0,0,0,0,A
100016794,21,10,11,30,10,11,0,0,0,0,0,0,A
100016800,0,0,0,0,0,0,0,0,0,0,0,0,B
100016806,0,0,0,0,0,0,0,0,0,0,0,0,B
100016789,1,0,0,0,0,1,0,0,0,0,0,0,A
100016801,0,0,0,0,0,0,0,0,0,0,0,0,B
100016807,0,0,0,0,0,0,0,0,0,0,0,0,B
100016795,0,0,0,0,0,0,0,0,0,0,0,0,B
100016796,21,10,11,30,10,11,0,0,0,0,0,0,B
100016790,0,0,0,0,0,0,1,0,0,0,1,0,B
100016802,0,0,0,0,0,0,0,0,0,0,0,0,B
100016808,0,0,0,0,0,0,0,0,0,0,0,0,B
100016791,1,0,0,0,0,1,1,0,0,0,1,0,A
100016797,21,10,11,30,10,11,0,0,0,0,0,0,A
100016803,0,0,0,0,0,0,0,0,0,0,0,0,A
100016809,0,0,0,0,0,0,0,0,0,0,0,0,B
100016804,0,0,0,0,0,0,0,0,0,0,0,0,A
100016792,0,0,0,0,0,0,0,0,0,0,0,0,A
100016810,0,0,0,0,0,0,0,0,0,0,0,0,A
100016798,0,0,0,0,0,0,0,0,0,0,0,0,B
100016811,1,0,0,0,0,1,0,0,0,0,0,0,A
100016817,21,10,11,30,10,11,0,0,0,0,0,0,B
100016823,0,0,0,0,0,0,0,0,0,0,0,0,B
100016829,0,0,0,0,0,0,0,0,0,0,0,0,B
100016824,0,0,0,0,0,0,0,0,0,0,0,0,A
100016812,1,0,0,0,1,0,0,0,0,0,0,0,A
100016830,0,0,0,0,0,0,0,0,0,0,0,0,A
100016818,0,0,0,0,0,0,0,0,0,0,0,0,B
100016813,1,0,0,0,0,1,0,0,0,0,0,0,A
100016819,21,10,11,30,10,11,0,0,0,0,0,0,A
100016825,0,0,0,0,0,0,0,0,0,0,0,0,A
100016831,0,0,0,0,0,0,0,0,0,0,0,0,A
100016826,0,0,0,0,0,0,0,0,0,0,0,0,A
100016814,0,0,0,0,0,0,1,0,0,0,1,0,B
100016832,0,0,0,0,0,0,0,0,0,0,0,0,B
100016820,0,0,0,0,0,0,0,0,0,0,0,0,B
100016821,0,0,0,0,0,0,0,0,0,0,0,0,A
100016833,0,0,0,0,0,0,0,0,0,0,0,0,B
100016815,0,0,0,0,0,0,0,0,0,0,0,0,B
100016827,0,0,0,0,0,0,0,0,0,0,0,0,A
100016816,1,0,0,0,0,1,1,0,0,0,1,0,B
100016822,21,10,11,30,10,11,0,0,0,0,0,0,A
100016828,0,0,0,0,0,0,0,0,0,0,0,0,B
100016834,0,0,0,0,0,0,0,0,0,0,0,0,A
100016836,0,0,0,0,0,0,21,10,11,30,10,11,Draw
100016835,1,0,0,0,1,0,0,0,0,0,0,0,A
100016838,0,0,0,0,0,0,0,0,0,0,0,0,Draw
100016837,0,0,0,0,0,0,1,0,0,0,0,1,Draw
100016839,27,23,4,69,48,13,28,20,8,60,45,25,A
100016840,1,0,0,0,0,1,1,0,0,0,1,0,B
100016841,0,0,0,0,0,0,0,0,0,0,0,0,A
100016847,0,0,0,0,0,0,0,0,0,0,0,0,B
100016842,1,0,0,0,1,0,21,19,2,57,19,2,A
100016848,0,0,0,0,0,0,0,0,0,0,0,0,A
100016843,21,19,2,57,19,2,0,0,0,0,0,0,A
100016849,0,0,0,0,0,0,0,0,0,0,0,0,A
100016844,1,0,0,0,1,0,0,0,0,0,0,0,B
100016850,0,0,0,0,0,0,0,0,0,0,0,0,A
100016851,0,0,0,0,0,0,0,0,0,0,0,0,A
100016845,0,0,0,0,0,0,1,0,0,0,1,0,B
100016846,0,0,0,0,0,0,21,19,2,57,19,2,B
100016852,0,0,0,0,0,0,0,0,0,0,0,0,B
100016853,0,0,0,0,0,0,21,13,8,39,13,8,B
100016859,0,0,0,0,0,0,0,0,0,0,0,0,A
100016854,0,0,0,0,0,0,1,0,0,0,0,1,A
100016860,0,0,0,0,0,0,0,0,0,0,0,0,A
100016861,0,0,0,0,0,0,0,0,0,0,0,0,B
100016855,0,0,0,0,0,0,21,13,8,39,13,8,A
100016856,1,0,0,0,0,1,0,0,0,0,0,0,B
100016862,0,0,0,0,0,0,0,0,0,0,0,0,A
100016857,21,13,8,39,13,8,1,0,0,0,0,1,A
100016863,0,0,0,0,0,0,0,0,0,0,0,0,B
100016858,0,0,0,0,0,0,0,0,0,0,0,0,A
100016864,0,0,0,0,0,0,0,0,0,0,0,0,A
100016871,0,0,0,0,0,0,0,0,0,0,0,0,B
100016865,21,19,2,57,19,2,1,0,0,0,1,0,A
100016872,0,0,0,0,0,0,0,0,0,0,0,0,A
100016866,0,0,0,0,0,0,0,0,0,0,0,0,B
100016873,0,0,0,0,0,0,0,0,0,0,0,0,A
100016867,0,0,0,0,0,0,21,19,2,57,19,2,B
100016868,0,0,0,0,0,0,1,0,0,0,1,0,A
100016874,0,0,0,0,0,0,0,0,0,0,0,0,B
100016869,21,19,2,57,19,2,0,0,0,0,0,0,A
100016875,0,0,0,0,0,0,0,0,0,0,0,0,A
100016870,1,0,0,0,1,0,0,0,0,0,0,0,B
100016876,0,0,0,0,0,0,0,0,0,0,0,0,A
100016877,1,0,0,0,0,1,0,0,0,0,0,0,B
100016883,0,0,0,0,0,0,0,0,0,0,0,0,B
100016878,21,13,8,39,13,8,0,0,0,0,0,0,B
100016884,0,0,0,0,0,0,0,0,0,0,0,0,A
100016879,0,0,0,0,0,0,1,0,0,0,0,1,B
100016885,0,0,0,0,0,0,0,0,0,0,0,0,B
100016880,21,13,8,39,13,8,0,0,0,0,0,0,B
100016886,0,0,0,0,0,0,0,0,0,0,0,0,A
100016881,1,0,0,0,0,1,21,13,8,39,13,8,A
100016887,0,0,0,0,0,0,0,0,0,0,0,0,B
100016882,0,0,0,0,0,0,0,0,0,0,0,0,A
100016888,0,0,0,0,0,0,0,0,0,0,0,0,A
100016889,0,0,0,0,0,0,0,0,0,0,0,0,A
100016890,21,19,2,57,19,2,0,0,0,0,0,0,Draw
100016891,0,0,0,0,0,0,0,0,0,0,0,0,Draw
100016892,0,0,0,0,0,0,0,0,0,0,0,0,Draw
100016893,0,0,0,0,0,0,0,0,0,0,0,0,Draw
100016894,0,0,0,0,0,0,21,19,2,57,19,2,B
100016895,0,0,0,0,0,0,0,0,0,0,0,0,A
100016896,0,0,0,0,0,0,21,19,2,57,19,2,B
100016926,0,0,0,0,0,0,18,16,2,48,33,9,Draw
100016927,29,21,8,63,24,10,25,16,9,48,0,0,Draw
100016928,28,20,8,60,45,25,0,0,0,0,0,0,Draw
100016929,27,15,12,45,15,12,0,0,0,0,0,0,Draw
100016930,28,20,8,60,45,25,27,15,12,45,15,12,Draw
100016931,29,21,8,63,24,10,0,0,0,0,0,0,Draw
100016932,0,0,0,0,0,0,0,0,0,0,0,0,Draw
100016933,25,16,9,48,0,0,18,16,2,48,33,9,Draw
100016934,27,15,12,45,15,12,0,0,0,0,0,0,Draw
100016935,0,0,0,0,0,0,25,16,9,48,0,0,Draw
100016951,27,15,12,45,15,12,0,0,0,0,0,0,A
100016937,26,21,5,63,46,16,29,21,8,63,24,10,A
100016938,29,17,11,51,19,14,25,22,3,66,46,13,B
100016939,27,21,6,63,21,6,28,20,8,60,45,25,B
100016940,27,23,4,69,48,13,27,15,12,45,15,12,A
100016941,29,21,8,63,24,10,29,17,11,51,19,14,A
100016942,27,21,6,63,21,6,27,15,12,45,15,12,A
100016943,26,21,5,63,46,16,25,22,3,66,46,13,B
100016944,28,20,8,60,45,25,27,23,4,69,48,13,B
100016945,28,20,8,60,45,25,29,21,8,63,24,10,A
100016946,26,21,5,63,46,16,27,21,6,63,21,6,A
100016947,25,22,3,66,46,13,27,23,4,69,48,13,B
100016948,25,22,3,66,46,13,28,20,8,60,45,25,B
100016949,28,20,8,60,45,25,26,21,5,63,46,16,A
100016950,27,23,4,69,48,13,28,20,8,60,45,25,Draw
100016981,27,7,20,21,18,45,27,7,20,21,24,45,Draw
100016982,27,11,16,33,27,38,28,8,20,24,24,43,Draw
100016983,27,6,21,18,20,45,27,10,17,30,25,34,Draw
100016984,27,10,17,30,25,39,27,19,8,57,42,25,Draw
100016985,27,14,13,42,33,30,27,9,18,27,27,40,Draw
100016986,27,19,8,57,41,23,27,17,10,51,38,27,Draw
100016987,25,17,8,51,38,28,28,20,8,60,45,25,Draw
100016988,26,17,9,51,41,23,27,23,4,69,48,13,Draw
100016989,25,14,11,42,34,27,27,7,20,21,24,45,Draw
100016990,27,6,21,18,20,45,27,11,16,33,27,38,Draw
100016991,28,8,20,24,24,43,27,7,20,21,18,45,Draw
100016992,27,10,17,30,25,34,27,10,17,30,25,39,Draw
100016993,27,14,13,42,33,30,27,19,8,57,41,23,Draw
100016994,27,17,10,51,38,27,27,19,8,57,42,25,Draw
100016995,28,20,8,60,45,25,27,9,18,27,27,40,Draw
100016996,25,17,8,51,38,28,26,17,9,51,41,23,Draw
100016997,27,23,4,69,48,13,27,19,8,57,41,23,Draw
100016998,27,10,17,30,25,39,27,6,21,18,20,45,Draw
100016999,27,11,16,33,27,38,27,7,20,21,24,45,Draw
100017000,25,14,11,42,34,27,27,7,20,21,18,45,Draw
100017001,27,10,17,30,25,39,27,17,10,51,38,27,Draw
100017002,25,17,8,51,38,28,27,23,4,69,48,13,Draw
100017003,27,10,17,30,25,34,27,14,13,42,33,30,Draw
100017004,27,19,8,57,42,25,28,20,8,60,45,25,Draw
100017005,27,9,18,27,27,40,28,8,20,24,24,43,Draw
100017006,27,6,21,18,20,45,27,23,4,69,48,13,Draw
100017007,27,19,8,57,41,23,26,17,9,51,41,23,Draw
100017008,27,7,20,21,24,45,27,10,17,30,25,39,Draw
100017009,27,17,10,51,38,27,27,11,16,33,27,38,Draw
100017010,28,20,8,60,45,25,27,7,20,21,18,45,Draw
100017011,27,14,13,42,33,30,25,17,8,51,38,28,Draw
100017012,25,14,11,42,34,27,27,10,17,30,25,34,Draw
100017013,27,19,8,57,42,25,27,23,4,69,48,13,Draw
100017014,28,8,20,24,24,43,27,19,8,57,41,23,Draw
100017015,27,9,18,27,27,40,27,6,21,18,20,45,Draw
100017016,27,17,10,51,38,27,26,17,9,51,41,23,Draw
100017017,27,11,16,33,27,38,27,7,20,21,18,45,Draw
100017018,28,20,8,60,45,25,27,7,20,21,24,45,Draw
100017019,27,10,17,30,25,39,25,17,8,51,38,28,Draw
100017020,27,23,4,69,48,13,27,14,13,42,33,30,Draw
100017021,26,17,9,51,41,23,27,6,21,18,20,45,Draw
100017022,27,19,8,57,42,25,27,10,17,30,25,34,Draw
100017023,27,17,10,51,38,27,28,8,20,24,24,43,Draw
100017024,27,19,8,57,41,23,27,9,18,27,27,40,Draw
100017025,27,23,4,69,48,13,27,7,20,21,24,45,Draw
100017026,27,11,16,33,27,38,28,20,8,60,45,25,Draw
100017027,27,17,10,51,38,27,27,6,21,18,20,45,Draw
100017028,28,8,20,24,24,43,27,14,13,42,33,30,Draw
100017029,27,7,20,21,18,45,27,10,17,30,25,39,Draw
100017030,27,10,17,30,25,34,25,17,8,51,38,28,Draw
100017031,27,9,18,27,27,40,26,17,9,51,41,23,Draw
100017032,27,19,8,57,41,23,27,19,8,57,42,25,Draw
100017033,27,11,16,33,27,38,27,10,17,30,25,39,Draw
100017034,27,14,13,42,33,30,27,17,10,51,38,27,Draw
100017035,27,23,4,69,48,13,28,20,8,60,45,25,Draw
100017036,27,10,17,30,25,39,25,14,11,42,34,27,Draw
100017037,27,7,20,21,24,45,27,6,21,18,20,45,Draw
100017038,27,7,20,21,18,45,27,9,18,27,27,40,Draw
100017039,28,8,20,24,24,43,27,10,17,30,25,34,Draw
100017040,27,19,8,57,42,25,27,7,20,21,24,45,Draw
100017041,26,17,9,51,41,23,27,11,16,33,27,38,Draw
100017042,28,20,8,60,45,25,27,19,8,57,41,23,Draw
100017043,27,10,17,30,25,34,27,9,18,27,27,40,Draw
100017044,27,14,13,42,33,30,27,19,8,57,42,25,Draw
100017045,25,17,8,51,38,28,25,14,11,42,34,27,Draw
100017046,27,6,21,18,20,45,28,8,20,24,24,43,Draw
100017047,27,7,20,21,18,45,27,19,8,57,41,23,Draw
100017048,27,17,10,51,38,27,27,23,4,69,48,13,Draw
100017049,25,14,11,42,34,27,27,11,16,33,27,38,Draw
100017050,28,8,20,24,24,43,27,7,20,21,24,45,Draw
100017051,26,17,9,51,41,23,28,20,8,60,45,25,Draw
100017052,27,7,20,21,18,45,27,14,13,42,33,30,Draw
100017053,27,9,18,27,27,40,27,19,8,57,42,25,Draw
100017054,27,10,17,30,25,34,27,19,8,57,41,23,Draw
100017055,25,17,8,51,38,28,27,6,21,18,20,45,Draw
100017056,27,17,10,51,38,27,25,14,11,42,34,27,Draw
100017057,27,10,17,30,25,39,27,23,4,69,48,13,Draw
100017058,26,17,9,51,41,23,28,8,20,24,24,43,Draw
100017059,27,10,17,30,25,34,28,20,8,60,45,25,Draw
100017062,27,11,16,33,27,38,27,9,18,27,27,40,Draw
100017061,27,14,13,42,33,30,27,7,20,21,24,45,Draw
100017060,27,7,20,21,18,45,27,19,8,57,42,25,Draw
100017063,27,6,21,18,20,45,28,20,8,60,45,25,Draw
100017064,25,17,8,51,38,28,28,8,20,24,24,43,Draw
100017065,25,14,11,42,34,27,27,19,8,57,41,23,Draw
100017068,26,17,9,51,41,23,27,10,17,30,25,39,Draw
100017066,27,9,18,27,27,40,27,7,20,21,24,45,Draw
100017067,27,17,10,51,38,27,27,10,17,30,25,34,Draw
100017069,27,11,16,33,27,38,27,14,13,42,33,30,Draw
100017070,27,7,20,21,18,45,27,23,4,69,48,13,Draw
100017071,25,14,11,42,34,27,27,19,8,57,42,25,Draw
100017072,28,8,20,24,24,43,28,20,8,60,45,25,Draw
100017117,19,12,6,36,26,13,5,1,3,3,3,7,A
100017118,18,13,4,39,25,10,19,12,6,36,19,14,A
100017119,16,8,4,24,15,11,14,4,8,12,8,13,Draw
100017120,14,3,9,9,6,16,14,3,9,9,7,16,Draw
100017121,18,13,4,39,25,10,14,4,8,12,8,13,Draw
100017122,19,12,6,36,19,14,5,1,3,3,3,7,A
100017123,19,12,6,36,26,13,14,3,9,9,6,16,A
100017124,16,8,4,24,15,11,14,3,9,9,7,16,Draw
100017125,5,1,3,3,3,7,14,3,9,9,6,16,Draw
100017126,14,4,8,12,8,13,19,12,6,36,26,13,B
100017127,14,3,9,9,7,16,18,13,4,39,25,10,B
100017128,19,12,6,36,19,14,16,8,4,24,15,11,Draw
100017129,19,12,6,36,19,14,14,3,9,9,6,16,A
100017130,14,4,8,12,8,13,14,3,9,9,7,16,A
100017131,5,1,3,3,3,7,18,13,4,39,25,10,B
100017132,16,8,4,24,15,11,19,12,6,36,26,13,Draw
100017133,14,3,9,9,7,16,5,1,3,3,3,7,B
100017134,19,12,6,36,26,13,19,12,6,36,19,14,A
100017158,26,20,6,60,43,18,26,14,12,42,34,30,A
100017159,26,16,10,48,36,23,26,12,14,36,30,36,A
100017160,26,10,16,30,25,36,26,5,21,15,18,46,A
100017161,26,6,20,18,19,45,25,3,22,9,12,46,B
100017162,26,20,6,60,43,18,26,21,5,63,46,16,B
100017163,25,22,3,66,46,13,26,14,12,42,34,30,A
100017164,26,12,14,36,30,36,25,3,22,9,12,46,A
100017165,26,10,16,30,25,36,26,6,20,18,19,45,A
100017166,26,5,21,15,18,46,26,16,10,48,36,23,B
100017167,26,21,5,63,46,16,25,22,3,66,46,13,A
100017168,26,14,12,42,34,30,26,5,21,15,18,46,A
100017169,26,21,5,63,46,16,26,10,16,30,25,36,A
100017170,25,22,3,66,46,13,26,12,14,36,30,36,A
100017171,26,16,10,48,36,23,26,6,20,18,19,45,B
100017172,25,3,22,9,12,46,26,21,5,63,46,16,B
100017173,26,5,21,15,18,46,26,20,6,60,43,18,B
100017174,26,14,12,42,34,30,26,10,16,30,25,36,A
100017175,26,6,20,18,19,45,25,22,3,66,46,13,B
100017176,26,12,14,36,30,36,26,20,6,60,43,18,B
100017177,26,16,10,48,36,23,25,3,22,9,12,46,A
100017178,26,12,14,36,30,36,26,6,20,18,19,45,A
100017179,26,10,16,30,25,36,25,22,3,66,46,13,B
100017180,26,21,5,63,46,16,26,5,21,15,18,46,A
100017181,26,20,6,60,43,18,26,16,10,48,36,23,A
100017182,26,10,16,30,25,36,25,3,22,9,12,46,A
100017183,26,14,12,42,34,30,26,12,14,36,30,36,A
100017184,26,16,10,48,36,23,26,21,5,63,46,16,B
100017185,25,22,3,66,46,13,26,20,6,60,43,18,B
100017186,25,3,22,9,12,46,26,5,21,15,18,46,B
100017187,26,6,20,18,19,45,26,14,12,42,34,30,B
100017188,26,14,12,42,34,30,26,16,10,48,36,23,B
100017189,26,20,6,60,43,18,26,10,16,30,25,36,A
100017190,26,21,5,63,46,16,26,6,20,18,19,45,A
100017191,26,5,21,15,18,46,26,12,14,36,30,36,A
100017192,26,20,6,60,43,18,25,3,22,9,12,46,A
100017193,25,22,3,66,46,13,26,16,10,48,36,23,A
100017194,26,6,20,18,19,45,26,5,21,15,18,46,A
100017195,26,12,14,36,30,36,26,10,16,30,25,36,B
100017196,26,21,5,63,46,16,26,14,12,42,34,30,A
100017248,29,17,11,51,19,14,28,16,12,48,18,12,Draw
100017249,26,12,14,36,12,14,28,13,15,39,13,17,Draw
100017250,29,12,17,36,14,20,26,6,19,18,7,19,Draw
100017251,29,21,8,63,24,10,28,16,12,48,18,12,Draw
100017252,28,13,15,39,15,17,29,13,16,39,14,19,Draw
100017253,28,16,12,48,18,12,28,13,15,39,13,17,Draw
100017254,26,6,19,18,7,19,28,13,15,39,15,17,Draw
100017255,29,17,11,51,19,14,29,21,8,63,24,10,Draw
100017256,29,12,17,36,14,20,28,16,12,48,18,12,Draw
100017257,26,12,14,36,12,14,29,13,16,39,14,19,Draw
100017258,26,6,19,18,7,19,28,13,15,39,13,17,Draw
100017259,28,16,12,48,18,12,29,13,16,39,14,19,Draw
100017260,29,12,17,36,14,20,29,17,11,51,19,14,Draw
100017261,28,13,15,39,15,17,29,21,8,63,24,10,Draw
100017262,28,16,12,48,18,12,26,12,14,36,12,14,Draw
100017499,28,13,15,39,13,17,28,16,12,48,18,12,Draw
100017500,26,6,19,18,7,19,26,12,14,36,12,14,Draw
100017501,29,12,17,36,14,20,28,13,15,39,15,17,Draw
100017502,28,16,12,48,18,12,29,21,8,63,24,10,Draw
100017503,29,13,16,39,14,19,29,17,11,51,19,14,Draw
100017504,26,6,19,18,7,19,28,16,12,48,18,12,Draw
100017505,29,13,16,39,14,19,28,16,12,48,18,12,Draw
100017506,26,12,14,36,12,14,29,12,17,36,14,20,Draw
100017507,29,21,8,63,24,10,28,13,15,39,13,17,Draw
100017508,29,17,11,51,19,14,28,13,15,39,15,17,Draw
100017509,28,16,12,48,18,12,26,12,14,36,12,14,Draw
100017510,29,17,11,51,19,14,26,6,19,18,7,19,Draw
100017511,29,21,8,63,24,10,29,13,16,39,14,19,Draw
100017512,29,12,17,36,14,20,28,13,15,39,13,17,Draw
100017513,28,13,15,39,15,17,28,16,12,48,18,12,Draw
100017514,29,13,16,39,14,19,28,13,15,39,13,17,Draw
100017516,28,16,12,48,18,12,29,12,17,36,14,20,Draw
100017517,26,6,19,18,7,19,29,21,8,63,24,10,Draw
100017518,28,13,15,39,15,17,28,16,12,48,18,12,Draw
100017515,29,17,11,51,19,14,26,12,14,36,12,14,Draw
100017519,26,6,19,18,7,19,29,13,16,39,14,19,Draw
100017521,29,21,8,63,24,10,29,12,17,36,14,20,Draw
100017522,26,12,14,36,12,14,28,13,15,39,15,17,Draw
100017520,28,16,12,48,18,12,28,16,12,48,18,12,Draw
100017523,28,13,15,39,13,17,29,17,11,51,19,14,Draw
100017263,25,17,8,51,0,0,25,16,9,48,0,0,A
100017264,24,6,18,18,0,0,25,12,13,36,0,0,B
100017265,25,7,18,21,0,0,25,14,11,42,0,0,B
100017266,25,14,11,42,0,0,25,9,16,27,0,0,B
100017267,24,16,8,48,0,0,25,13,12,39,0,0,A
100017268,25,9,16,27,0,0,25,7,18,21,0,0,A
100017269,25,16,9,48,0,0,25,14,11,42,0,0,B
100017270,25,12,13,36,0,0,24,16,8,48,0,0,B
100017271,25,13,12,39,0,0,25,17,8,51,0,0,A
100017272,25,14,11,42,0,0,24,6,18,18,0,0,A
100017273,25,9,16,27,0,0,25,12,13,36,0,0,B
100017274,25,16,9,48,0,0,24,16,8,48,0,0,B
100017275,25,7,18,21,0,0,24,6,18,18,0,0,B
100017276,25,17,8,51,0,0,25,14,11,42,0,0,A
100017277,25,14,11,42,0,0,25,13,12,39,0,0,B
100017278,25,12,13,36,0,0,25,7,18,21,0,0,A
100017279,25,17,8,51,0,0,25,9,16,27,0,0,A
100017280,24,16,8,48,0,0,25,14,11,42,0,0,B
100017281,25,14,11,42,0,0,25,13,12,39,0,0,B
100017282,24,6,18,18,0,0,25,16,9,48,0,0,B
100017283,24,16,8,48,0,0,25,17,8,51,0,0,A
100017284,25,13,12,39,0,0,25,12,13,36,0,0,B
100017285,25,14,11,42,0,0,24,6,18,18,0,0,A
100017286,25,14,11,42,0,0,25,9,16,27,0,0,B
100017287,25,16,9,48,0,0,25,7,18,21,0,0,A
100017288,25,14,11,42,0,0,25,14,11,42,0,0,A
100017289,25,7,18,21,0,0,25,13,12,39,0,0,B
100017290,25,9,16,27,0,0,25,16,9,48,0,0,B
100017291,24,6,18,18,0,0,24,16,8,48,0,0,B
100017292,25,12,13,36,0,0,25,17,8,51,0,0,B
100017293,25,13,12,39,0,0,25,16,9,48,0,0,B
100017294,25,12,13,36,0,0,25,14,11,42,0,0,A
100017295,24,16,8,48,0,0,25,7,18,21,0,0,A
100017296,25,17,8,51,0,0,25,14,11,42,0,0,A
100017297,24,6,18,18,0,0,25,9,16,27,0,0,B
100017353,27,21,6,63,21,6,27,15,12,45,15,12,A
100017354,27,13,14,39,13,14,27,11,16,33,11,16,A
100017355,27,6,21,18,6,21,27,8,19,24,8,19,A
100017356,27,17,10,51,17,10,9,3,6,9,3,6,A
100017357,27,17,10,51,17,10,27,14,13,42,14,13,B
100017358,27,8,19,24,8,19,27,21,6,63,21,6,B
100017359,27,11,16,33,11,16,27,17,10,51,17,10,A
100017360,27,14,13,42,14,13,27,13,14,39,13,14,B
100017361,9,3,6,9,3,6,27,6,21,18,6,21,B
100017362,27,15,12,45,15,12,27,17,10,51,17,10,B
100017363,27,6,21,18,6,21,27,13,14,39,13,14,B
100017364,27,15,12,45,15,12,27,17,10,51,17,10,A
100017365,27,17,10,51,17,10,27,8,19,24,8,19,B
100017366,9,3,6,9,3,6,27,14,13,42,14,13,A
100017367,27,21,6,63,21,6,27,11,16,33,11,16,A
100017368,27,8,19,24,8,19,27,15,12,45,15,12,B
100017369,27,13,14,39,13,14,9,3,6,9,3,6,A
100017370,27,17,10,51,17,10,27,21,6,63,21,6,B
100017371,27,11,16,33,11,16,27,6,21,18,6,21,A
100017372,27,14,13,42,14,13,27,17,10,51,17,10,B
100017373,9,3,6,9,3,6,27,11,16,33,11,16,B
100017374,27,15,12,45,15,12,27,6,21,18,6,21,A
100017375,27,14,13,42,14,13,27,21,6,63,21,6,B
100017376,27,8,19,24,8,19,27,13,14,39,13,14,A
100017377,27,17,10,51,17,10,27,17,10,51,17,10,A
100017378,27,11,16,33,11,16,27,15,12,45,15,12,B
100017379,27,6,21,18,6,21,27,14,13,42,14,13,B
100017380,27,13,14,39,13,14,27,17,10,51,17,10,B
100017381,27,17,10,51,17,10,27,8,19,24,8,19,B
100017382,27,21,6,63,21,6,9,3,6,9,3,6,B
100017439,27,11,16,33,11,16,27,17,10,51,17,10,B
100017440,27,17,10,51,17,10,27,13,14,39,13,14,A
100017441,9,3,6,9,3,6,27,15,12,45,15,12,A
100017442,27,14,13,42,14,13,27,8,19,24,8,19,A
100017443,27,21,6,63,21,6,27,6,21,18,6,21,A
100017444,9,3,6,9,3,6,27,17,10,51,17,10,B
100017445,27,13,14,39,13,14,27,21,6,63,21,6,A
100017446,27,8,19,24,8,19,27,11,16,33,11,16,A
100017447,27,17,10,51,17,10,27,6,21,18,6,21,A
100017448,27,15,12,45,15,12,27,14,13,42,14,13,A
100017498,27,21,6,63,21,6,27,17,10,51,17,10,A
100017449,27,13,14,39,13,14,27,15,12,45,15,12,B
100017450,27,8,19,24,8,19,9,3,6,9,3,6,A
100017451,27,11,16,33,11,16,27,14,13,42,14,13,B
100017452,27,6,21,18,6,21,27,17,10,51,17,10,B
100017383,21,19,2,57,19,2,21,13,8,39,13,8,A
100017384,21,9,12,27,9,12,7,2,5,6,2,5,A
100017385,21,7,14,21,7,14,21,10,11,30,10,11,B
100017386,21,12,9,36,12,9,21,10,11,30,10,11,A
100017387,21,7,14,21,7,14,21,12,9,36,12,9,B
100017388,21,9,12,27,9,12,21,13,8,39,13,8,B
100017389,21,19,2,57,19,2,21,10,11,30,10,11,A
100017390,7,2,5,6,2,5,21,10,11,30,10,11,B
100017391,21,9,12,27,9,12,21,10,11,30,10,11,B
100017392,21,10,11,30,10,11,21,12,9,36,12,9,B
100017393,7,2,5,6,2,5,21,19,2,57,19,2,B
100017394,21,7,14,21,7,14,21,13,8,39,13,8,A
100017395,21,19,2,57,19,2,21,12,9,36,12,9,A
100017396,7,2,5,6,2,5,21,13,8,39,13,8,B
100017397,21,9,12,27,9,12,21,7,14,21,7,14,B
100017398,21,10,11,30,10,11,21,10,11,30,10,11,B
100017399,7,2,5,6,2,5,21,7,14,21,7,14,B
100017400,21,19,2,57,19,2,21,10,11,30,10,11,A
100017401,21,13,8,39,13,8,21,10,11,30,10,11,A
100017402,21,9,12,27,9,12,21,12,9,36,12,9,B
100017403,7,2,5,6,2,5,21,10,11,30,10,11,A
100017404,21,13,8,39,13,8,21,12,9,36,12,9,B
100017405,21,9,12,27,9,12,21,10,11,30,10,11,B
100017406,21,19,2,57,19,2,21,7,14,21,7,14,A
100017407,21,10,11,30,10,11,21,13,8,39,13,8,A
100017408,21,7,14,21,7,14,21,10,11,30,10,11,B
100017409,7,2,5,6,2,5,21,12,9,36,12,9,A
100017410,21,9,12,27,9,12,21,19,2,57,19,2,B
100017529,17,13,4,39,29,12,18,16,2,48,33,9,B
100017530,17,16,1,48,33,10,18,7,11,21,18,25,A
100017531,18,0,18,0,4,36,17,4,12,12,15,27,B
100017532,18,9,9,27,22,21,17,4,12,12,13,27,A
100017533,18,0,18,0,4,36,17,13,4,39,29,12,B
100017534,17,4,12,12,13,27,18,7,11,21,18,25,A
100017535,18,0,18,0,4,36,17,16,1,48,33,10,B
100017536,18,16,2,48,33,9,17,4,12,12,15,27,A
100017537,17,13,4,39,29,12,17,4,12,12,13,27,A
100017538,17,16,1,48,33,10,18,9,9,27,22,21,A
100017539,18,9,9,27,22,21,18,16,2,48,33,9,B
100017540,18,7,11,21,18,25,17,4,12,12,15,27,A
100017541,18,0,18,0,4,36,18,9,9,27,22,21,B
100017542,18,16,2,48,33,9,18,7,11,21,18,25,A
100015895,28,8,20,24,24,43,25,14,11,42,34,27,Draw
100015896,27,7,20,21,24,45,27,10,17,30,25,34,B
100015897,28,20,8,60,45,25,27,23,4,69,48,13,Draw
100015898,27,6,21,18,20,45,27,9,18,27,27,40,Draw
100015899,25,17,8,51,38,28,27,14,13,42,33,30,B
100015900,27,10,17,30,25,39,27,7,20,21,18,45,A
100015901,25,14,11,42,34,27,27,19,8,57,42,25,B
100015902,27,17,10,51,38,27,27,7,20,21,24,45,A
100015903,27,11,16,33,27,38,27,19,8,57,41,23,B
100015904,27,14,13,42,33,30,27,10,17,30,25,34,B
100015905,28,20,8,60,45,25,28,8,20,24,24,43,Draw
100015906,26,17,9,51,41,23,27,17,10,51,38,27,Draw
100015907,27,6,21,18,20,45,25,17,8,51,38,28,B
100015908,27,9,18,27,27,40,27,10,17,30,25,39,A
100015909,27,11,16,33,27,38,25,14,11,42,34,27,B
100015910,27,7,20,21,24,45,27,7,20,21,18,45,Draw
100015911,27,10,17,30,25,34,27,19,8,57,42,25,A
100015912,27,19,8,57,41,23,27,14,13,42,33,30,A
100015913,27,10,17,30,25,39,27,23,4,69,48,13,B
100015914,27,17,10,51,38,27,27,9,18,27,27,40,A
100015915,27,6,21,18,20,45,27,7,20,21,24,45,Draw
100015916,27,7,20,21,18,45,28,8,20,24,24,43,Draw
100015917,25,14,11,42,34,27,25,17,8,51,38,28,B
100015918,27,10,17,30,25,34,27,11,16,33,27,38,Draw
100015919,28,20,8,60,45,25,26,17,9,51,41,23,Draw
100015920,27,17,10,51,38,27,27,10,17,30,25,39,Draw
100015921,27,9,18,27,27,40,27,19,8,57,41,23,B
100015922,27,19,8,57,42,25,27,14,13,42,33,30,A
100015923,28,8,20,24,24,43,26,17,9,51,41,23,B
100015924,27,7,20,21,24,45,27,23,4,69,48,13,B
100015925,27,10,17,30,25,34,27,6,21,18,20,45,A
100015926,27,7,20,21,18,45,27,11,16,33,27,38,Draw
100015927,28,20,8,60,45,25,25,14,11,42,34,27,Draw
100015928,25,17,8,51,38,28,27,19,8,57,41,23,Draw
100015929,27,19,8,57,42,25,27,10,17,30,25,39,Draw
100015930,27,14,13,42,33,30,27,23,4,69,48,13,B
100015931,27,9,18,27,27,40,27,7,20,21,24,45,Draw
100015932,27,17,10,51,38,27,27,7,20,21,18,45,A
100015933,27,11,16,33,27,38,27,6,21,18,20,45,A
100015934,27,10,17,30,25,34,28,8,20,24,24,43,A
100015935,27,23,4,69,48,13,26,17,9,51,41,23,Draw
100015936,27,19,8,57,41,23,27,10,17,30,25,39,Draw
100015937,27,14,13,42,33,30,25,14,11,42,34,27,Draw
100015938,28,20,8,60,45,25,27,19,8,57,42,25,B
100015939,27,7,20,21,18,45,27,6,21,18,20,45,A
100015940,25,17,8,51,38,28,27,9,18,27,27,40,Draw
100015941,27,17,10,51,38,27,27,10,17,30,25,34,Draw
100015942,27,11,16,33,27,38,26,17,9,51,41,23,A
100015943,27,7,20,21,24,45,28,20,8,60,45,25,Draw
100015944,27,23,4,69,48,13,27,19,8,57,42,25,B
100015945,27,14,13,42,33,30,28,8,20,24,24,43,A
100015946,25,14,11,42,34,27,27,19,8,57,41,23,B
100015947,27,6,21,18,20,45,27,10,17,30,25,39,A
100015948,27,11,16,33,27,38,25,17,8,51,38,28,B
100015949,27,10,17,30,25,34,27,23,4,69,48,13,B
100015950,27,9,18,27,27,40,28,20,8,60,45,25,Draw
100015951,27,7,20,21,18,45,26,17,9,51,41,23,B
100015952,27,19,8,57,41,23,28,8,20,24,24,43,A
100015953,27,7,20,21,24,45,25,14,11,42,34,27,Draw
100015954,27,19,8,57,42,25,27,17,10,51,38,27,Draw
100015955,27,10,17,30,25,39,27,11,16,33,27,38,B
100015956,27,6,21,18,20,45,27,14,13,42,33,30,B
100015957,25,17,8,51,38,28,27,7,20,21,18,45,Draw
100015958,26,17,9,51,41,23,27,10,17,30,25,34,A
100015959,27,23,4,69,48,13,28,8,20,24,24,43,A
100015960,27,19,8,57,41,23,28,20,8,60,45,25,Draw
100015961,27,10,17,30,25,39,27,7,20,21,24,45,Draw
100015962,25,14,11,42,34,27,27,9,18,27,27,40,Draw
100015963,27,14,13,42,33,30,27,11,16,33,27,38,A
100015964,27,7,20,21,18,45,27,19,8,57,42,25,B
100015965,27,23,4,69,48,13,27,17,10,51,38,27,A
100015966,28,8,20,24,24,43,27,6,21,18,20,45,Draw
100015967,25,17,8,51,38,28,27,10,17,30,25,34,A
100015968,26,17,9,51,41,23,27,19,8,57,41,23,B
100015969,27,19,8,57,42,25,27,9,18,27,27,40,Draw
100015970,27,7,20,21,18,45,28,20,8,60,45,25,B
100015971,27,14,13,42,33,30,27,7,20,21,24,45,Draw
100015972,25,14,11,42,34,27,27,17,10,51,38,27,B
100015973,25,17,8,51,38,28,27,10,17,30,25,39,Draw
100015974,27,6,21,18,20,45,26,17,9,51,41,23,B
100015975,28,8,20,24,24,43,27,11,16,33,27,38,Draw
100015976,27,23,4,69,48,13,25,14,11,42,34,27,A
100015977,27,9,18,27,27,40,27,10,17,30,25,34,B
100015978,28,20,8,60,45,25,27,6,21,18,20,45,Draw
100015979,26,17,9,51,41,23,27,7,20,21,24,45,A
100015980,27,17,10,51,38,27,27,14,13,42,33,30,A
100015981,27,19,8,57,42,25,27,19,8,57,41,23,A
100015982,27,10,17,30,25,34,27,7,20,21,18,45,A
100015983,27,23,4,69,48,13,25,17,8,51,38,28,Draw
100015984,27,10,17,30,25,39,28,8,20,24,24,43,B
100015985,27,11,16,33,27,38,27,9,18,27,27,40,A
100015986,27,14,13,42,33,30,28,20,8,60,45,25,Draw
100015987,27,19,8,57,42,25,26,17,9,51,41,23,Draw
100015988,27,17,10,51,38,27,27,19,8,57,41,23,B
100015989,25,17,8,51,38,28,27,7,20,21,24,45,Draw
100015990,27,7,20,21,18,45,25,14,11,42,34,27,B
100015991,27,19,8,57,42,25,27,6,21,18,20,45,Draw
100015992,27,23,4,69,48,13,27,11,16,33,27,38,A
100015993,27,10,17,30,25,39,28,20,8,60,45,25,B
100015994,28,8,20,24,24,43,25,17,8,51,38,28,Draw
100015995,27,10,17,30,25,34,25,14,11,42,34,27,B
100015996,27,6,21,18,20,45,27,17,10,51,38,27,A
100015997,26,17,9,51,41,23,27,14,13,42,33,30,Draw
100015998,27,7,20,21,24,45,27,19,8,57,42,25,B
100015999,28,8,20,24,24,43,27,9,18,27,27,40,A
100016000,27,19,8,57,41,23,27,23,4,69,48,13,Draw
100016002,26,17,9,51,41,23,25,17,8,51,38,28,A
100016001,28,20,8,60,45,25,27,11,16,33,27,38,A
100016003,27,9,18,27,27,40,27,7,20,21,18,45,A
100016004,27,10,17,30,25,39,27,10,17,30,25,34,Draw
100016005,27,11,16,33,27,38,27,17,10,51,38,27,Draw
100016006,27,19,8,57,41,23,27,7,20,21,24,45,Draw
100016007,25,14,11,42,34,27,27,6,21,18,20,45,Draw
100016008,27,14,13,42,33,30,27,7,20,21,18,45,A
100016009,27,7,20,21,24,45,28,8,20,24,24,43,A
100016010,27,19,8,57,42,25,25,17,8,51,38,28,Draw
100016011,26,17,9,51,41,23,27,10,17,30,25,39,A
100016012,27,9,18,27,27,40,27,23,4,69,48,13,B
100016013,27,17,10,51,38,27,28,20,8,60,45,25,B
100016015,28,8,20,24,24,43,27,19,8,57,42,25,Draw
100016014,27,19,8,57,41,23,27,10,17,30,25,34,Draw
100016016,27,10,17,30,25,39,27,14,13,42,33,30,A
100016017,27,23,4,69,48,13,27,6,21,18,20,45,A
100016019,25,17,8,51,38,28,27,17,10,51,38,27,Draw
100016018,25,14,11,42,34,27,26,17,9,51,41,23,Draw
100016020,27,19,8,57,41,23,27,7,20,21,18,45,Draw
100016021,27,10,17,30,25,34,28,20,8,60,45,25,B
100016022,27,9,18,27,27,40,27,14,13,42,33,30,Draw
100016023,28,8,20,24,24,43,27,17,10,51,38,27,B
100016024,27,6,21,18,20,45,27,19,8,57,41,23,B
100016025,27,11,16,33,27,38,27,19,8,57,42,25,B
100016026,28,20,8,60,45,25,25,17,8,51,38,28,Draw
100016028,27,7,20,21,18,45,27,23,4,69,48,13,B
100016027,25,14,11,42,34,27,27,10,17,30,25,39,Draw
100016029,27,7,20,21,24,45,27,11,16,33,27,38,B
100016030,26,17,9,51,41,23,27,9,18,27,27,40,Draw
100016031,26,16,10,48,36,23,26,5,21,15,18,46,A
100016032,25,22,3,66,46,13,26,21,5,63,46,16,A
100016033,26,10,16,30,25,36,26,14,12,42,34,30,B
100016034,25,3,22,9,12,46,26,6,20,18,19,45,B
100016035,25,22,3,66,46,13,26,20,6,60,43,18,A
100016036,26,12,14,36,30,36,26,16,10,48,36,23,B
100016037,26,21,5,63,46,16,26,5,21,15,18,46,A
100016038,26,10,16,30,25,36,26,6,20,18,19,45,B
100016039,26,12,14,36,30,36,26,14,12,42,34,30,A
100016040,25,3,22,9,12,46,26,20,6,60,43,18,B
100016041,25,3,22,9,12,46,26,16,10,48,36,23,B
100016042,26,12,14,36,30,36,26,20,6,60,43,18,A
100016043,26,21,5,63,46,16,26,6,20,18,19,45,A
100016044,25,22,3,66,46,13,26,10,16,30,25,36,A
100016045,25,3,22,9,12,46,26,5,21,15,18,46,A
100016046,26,20,6,60,43,18,26,14,12,42,34,30,A
100016047,25,22,3,66,46,13,26,16,10,48,36,23,A
100016048,26,12,14,36,30,36,26,6,20,18,19,45,A
100016049,26,14,12,42,34,30,26,21,5,63,46,16,B
100016050,26,10,16,30,25,36,26,5,21,15,18,46,B
100016051,25,3,22,9,12,46,26,12,14,36,30,36,B
100016052,26,21,5,63,46,16,26,16,10,48,36,23,A
100016053,26,6,20,18,19,45,26,5,21,15,18,46,A
100016054,25,22,3,66,46,13,26,14,12,42,34,30,B
100016055,26,10,16,30,25,36,26,20,6,60,43,18,A
100016056,26,12,14,36,30,36,26,21,5,63,46,16,B
100016057,26,14,12,42,34,30,26,5,21,15,18,46,A
100016058,25,22,3,66,46,13,25,3,22,9,12,46,A
100016059,26,20,6,60,43,18,26,6,20,18,19,45,A
100016060,26,10,16,30,25,36,26,16,10,48,36,23,B
100016061,26,12,14,36,30,36,26,10,16,30,25,36,A
100016062,25,22,3,66,46,13,26,6,20,18,19,45,A
100016063,26,20,6,60,43,18,26,16,10,48,36,23,A
100016064,25,3,22,9,12,46,26,21,5,63,46,16,B
100016065,26,14,12,42,34,30,26,6,20,18,19,45,A
100016066,26,12,14,36,30,36,26,5,21,15,18,46,A
100016067,25,3,22,9,12,46,26,10,16,30,25,36,B
100016068,26,20,6,60,43,18,26,21,5,63,46,16,A
100016069,26,14,12,42,34,30,26,16,10,48,36,23,B
100016070,25,22,3,66,46,13,26,5,21,15,18,46,A
100016071,26,20,6,60,43,18,26,5,21,15,18,46,A
100016072,25,3,22,9,12,46,26,14,12,42,34,30,B
100016073,26,6,20,18,19,45,26,16,10,48,36,23,B
100016074,26,10,16,30,25,36,26,21,5,63,46,16,B
100016075,25,22,3,66,46,13,26,12,14,36,30,36,A
100016076,26,14,12,42,34,30,26,5,21,15,18,46,A
100016077,26,10,16,30,25,36,26,6,20,18,19,45,B
100016078,25,3,22,9,12,46,26,20,6,60,43,18,B
100016079,25,22,3,66,46,13,26,21,5,63,46,16,A
100016080,26,12,14,36,30,36,26,16,10,48,36,23,A
100016081,25,3,22,9,12,46,26,21,5,63,46,16,B
100016082,26,20,6,60,43,18,26,16,10,48,36,23,B
100016083,26,14,12,42,34,30,26,6,20,18,19,45,A
100016084,25,22,3,66,46,13,26,12,14,36,30,36,A
100016085,26,21,5,63,46,16,26,5,21,15,18,46,A
100016086,26,10,16,30,25,36,26,16,10,48,36,23,B
100016087,25,22,3,66,46,13,26,20,6,60,43,18,A
100016088,25,3,22,9,12,46,26,12,14,36,30,36,B
100016089,26,6,20,18,19,45,26,5,21,15,18,46,B
100016090,26,10,16,30,25,36,26,14,12,42,34,30,B
100016091,25,22,3,66,46,13,26,10,16,30,25,36,A
100016092,26,16,10,48,36,23,26,5,21,15,18,46,A
100016093,26,20,6,60,43,18,26,21,5,63,46,16,A
100016094,25,3,22,9,12,46,26,14,12,42,34,30,B
100016095,26,12,14,36,30,36,26,10,16,30,25,36,B
100016096,25,22,3,66,46,13,26,6,20,18,19,45,A
100016097,26,14,12,42,34,30,26,16,10,48,36,23,B
100016098,25,3,22,9,12,46,26,5,21,15,18,46,B
100016099,26,12,14,36,30,36,26,20,6,60,43,18,B
100016100,26,21,5,63,46,16,26,6,20,18,19,45,A
100016101,25,3,22,9,12,46,26,10,16,30,25,36,B
100016102,26,20,6,60,43,18,26,14,12,42,34,30,A
100016103,26,12,14,36,30,36,26,21,5,63,46,16,B
100016104,25,22,3,66,46,13,26,5,21,15,18,46,A
100016105,25,3,22,9,12,46,26,16,10,48,36,23,B
100016106,26,20,6,60,43,18,26,6,20,18,19,45,A
100016107,26,12,14,36,30,36,26,5,21,15,18,46,A
100016108,25,22,3,66,46,13,26,14,12,42,34,30,A
100016109,26,6,20,18,19,45,26,16,10,48,36,23,B
100016110,26,10,16,30,25,36,26,21,5,63,46,16,A
100016111,26,10,16,30,25,36,26,5,21,15,18,46,A
100016112,26,12,14,36,30,36,26,6,20,18,19,45,A
100016113,25,22,3,66,46,13,26,16,10,48,36,23,A
100016114,26,14,12,42,34,30,26,21,5,63,46,16,B
100016115,26,10,16,30,25,36,26,20,6,60,43,18,B
100016116,25,3,22,9,12,46,26,6,20,18,19,45,A
100016117,26,12,14,36,30,36,26,14,12,42,34,30,B
100016118,26,21,5,63,46,16,26,16,10,48,36,23,A
100016119,25,22,3,66,46,13,25,3,22,9,12,46,A
100016120,26,20,6,60,43,18,26,5,21,15,18,46,A
